id,url,uuid,title,field_collection_number,field_date_available,field_date_published,field_finding_aid,field_item_barcode,field_library_catalog_link,field_oclc_number,field_unique_id,field_abstract,field_rights,field_access_terms,field_copyright_and_use,field_description,field_digital_publisher,field_genre,field_model,field_publisher,field_resource_type,field_subject,field_alternative_title,field_featured_item,field_dspace_item_id,field_digital_identifier,field_creator,field_publisher_country,field_spatial_coverage,field_date_copyrighted,field_date_created,file,field_contributor
295,https://digital.library.jhu.edu/node/14702,06196ee5-b62f-4002-a7cd-d10e37f2ef4a,Map of the Central Portion of Baltimore City,,2008-03-07,1908,,31151027731664,https://catalyst.library.jhu.edu/catalog/bib_2745475,49249406,6ec223d1-2ac3-4972-b332-3eafb444058c,,Public digital access,Maps and Atlases,Copyright Not Evaluated,,corporate_body:Johns Hopkins University. Sheridan Libraries,Maps,Image,,Image,Test,,,7349a7e5-6462-43ed-a13c-63c2f59e5ed1,,,,,,,https://stage.digital.library.jhu.edu/system/files/2022-03-24/G3844_B2_2_J6_1908_L7_SMALL_c1.tif,
296,https://digital.library.jhu.edu/node/14703,05ca61a1-e15c-4baa-8b6f-b1de0e89eeba,The United Railways and Electric Company of Baltimore Md.: Total Mileage of System...,,2008-03-07,1910,,31151027747009,https://catalyst.library.jhu.edu/catalog/bib_2860947,none,56746d3f-67a8-48b7-a402-4efd04a1cf6a,,Public digital access,Maps and Atlases,Copyright Not Evaluated,,corporate_body:Johns Hopkins University. Sheridan Libraries,Maps,Image,,Image,Test,,,c2f82ae9-dd25-40c5-8ea5-a95cfd23b49e,,,,,,,https://stage.digital.library.jhu.edu/system/files/2022-03-24/G3844_B2_P33_1910_c1.tif,
297,https://digital.library.jhu.edu/node/14704,39576f19-2be3-401d-bd6b-d51c69115896,"Plan of Baltimore, 1867",,2008-03-07,1867,,31151027728595,https://catalyst.library.jhu.edu/catalog/bib_2741545,none,4e189807-ff2a-4421-bf3a-8ff4d86ef44f,,Public digital access,Maps and Atlases,Copyright Not Evaluated,,corporate_body:Johns Hopkins University. Sheridan Libraries,Maps,Image,,Image,Test,,,3291497a-3b9c-4ab0-b404-ae55356013cd,,,,,,,https://stage.digital.library.jhu.edu/system/files/2022-03-24/G3844_B2_1867_M5_SMALL_c1.tif,
298,https://digital.library.jhu.edu/node/14705,1265ea96-b3cf-41f1-a754-a6e12b963404,Plan of Baltimore,,2008-03-07,1872,,31151027728710,https://catalyst.library.jhu.edu/catalog/bib_2741603,10289368,5308e295-5455-43ba-ae08-aaf400113205,,Public digital access,Maps and Atlases,Copyright Not Evaluated,,corporate_body:Johns Hopkins University. Sheridan Libraries,Maps,Image,,Image,Test,,,149caa11-5ab7-4415-a168-ee2a609a479c,,,,,,,https://stage.digital.library.jhu.edu/system/files/2022-03-24/G3844_B2_1872_M5_SMALL_c1.tif,
299,https://digital.library.jhu.edu/node/14706,b4f3d574-bdc3-4079-8eb5-78639a3fb6aa,Plan of Baltimore,,2008-03-07,1860,,31151027728702,https://catalyst.library.jhu.edu/catalog/bib_2741602,54688563,488f8f08-fd23-486c-9df6-4dd4ff5141d3,,Public digital access,Maps and Atlases,Copyright Not Evaluated,,corporate_body:Johns Hopkins University. Sheridan Libraries,Maps,Image,,Image,Test,,,c06bfa61-e001-491e-b8a3-307c30e3e5d1,,,,,,,https://stage.digital.library.jhu.edu/system/files/2022-03-24/G3844_B2_1860_M5_SMALL_c1.tif,
300,https://digital.library.jhu.edu/node/14707,d65dcc6f-9bc2-4fd5-9c70-2f7a7c6112ee,"Baltimore Harbor, 1916",,2008-03-07,1916,,31151027751829,https://catalyst.library.jhu.edu/catalog/bib_2865363,none,6abc7eb9-e406-40b9-9c4a-db25ce1094eb,,Public digital access,Maps and Atlases,Copyright Not Evaluated,,corporate_body:Johns Hopkins University. Sheridan Libraries,Maps,Image,,Image,Test,,,3eb169f5-4cb0-4e4e-ad45-637c2d7411b6,,,,,,,https://stage.digital.library.jhu.edu/system/files/2022-03-24/G3844_B2_1916_H5_SMALL_c1.tif,
301,https://digital.library.jhu.edu/node/14708,6db07efd-2a26-45b7-8ad3-c8bec8e86e0a,5th Ward Baltimore City,,2008-03-10,1898,,31151027731599,https://catalyst.library.jhu.edu/catalog/bib_2744791,none,61184913-4857-4c01-b5e7-c7d65579e376,,Public digital access,Maps and Atlases,Copyright Not Evaluated,,corporate_body:Johns Hopkins University. Sheridan Libraries,Maps,Image,,Image,Test,,,a9a857d0-ebb0-4ae9-a021-a4e9d13a905a,,,,,,,https://stage.digital.library.jhu.edu/system/files/2022-03-24/G3844_B2_F7_1898_5th_Ward_SMALL_c1.tif,
302,https://digital.library.jhu.edu/node/14709,0b4465f8-eca9-4b75-9ef8-5234e9ac97fa,9th Ward Baltimore City,,2008-03-10,1898,,31151027731615,https://catalyst.library.jhu.edu/catalog/bib_3456585,none,34eae30f-2537-4732-85ee-6c45daf1ee45,,Public digital access,Maps and Atlases,Copyright Not Evaluated,,corporate_body:Johns Hopkins University. Sheridan Libraries,Maps,Image,,Image,Test,,,7341ffb4-ec61-406c-8b19-c9517507994d,,,,,,,https://stage.digital.library.jhu.edu/system/files/2022-03-18/G3844_B2_F7_1898_9th_Ward_SMALL_c2.jpg,
303,https://digital.library.jhu.edu/node/14710,ca01f6ce-219a-4ba4-9283-13a51f4d3080,"Map of Baltimore, 1905",,2008-03-10,1905,,31151027746977,https://catalyst.library.jhu.edu/catalog/bib_2860943,none,1c7532d5-466c-414b-b9c2-e8d3e3a24526,,Public digital access,Maps and Atlases,Copyright Not Evaluated,,corporate_body:Johns Hopkins University. Sheridan Libraries,Maps,Image,,Image,Test,,,e91df2c5-26e2-4ce3-8910-6a7866c24922,,,,,,,https://stage.digital.library.jhu.edu/system/files/2022-03-24/G3844_B2_1905_SMALL_c1.tif,
304,https://digital.library.jhu.edu/node/14711,8825cb57-8369-4204-923a-c1db29162a65,Colton's Baltimore Maryland,,2008-03-10,1855,,31151027747124,https://catalyst.library.jhu.edu/catalog/bib_2861214,14372822,a5ca7daa-b18a-4d06-bfe8-9bbe998d6f1d,,Public digital access,Maps and Atlases,Copyright Not Evaluated,,corporate_body:Johns Hopkins University. Sheridan Libraries,Maps,Image,,Image,Test,,,44780784-2a14-4c22-8519-132105f23484,,,,,,,https://stage.digital.library.jhu.edu/system/files/2022-03-24/G3844_B2_1855_C5b_c1.tif,
305,https://digital.library.jhu.edu/node/14712,7078c572-9666-4c5a-ade6-aadb2bd8b57c,Colton's City of Baltimore,,2008-03-10,1855,,31151027765076,https://catalyst.library.jhu.edu/catalog/bib_2881243,none,381a1fb9-4343-4055-940b-40064f87374a,,Public digital access,Maps and Atlases,Copyright Not Evaluated,,corporate_body:Johns Hopkins University. Sheridan Libraries,Maps,Image,,Image,Test,,,4e857ec4-e5b5-4751-9871-ab0815a90d2e,,,,,,,https://stage.digital.library.jhu.edu/system/files/2022-03-24/G3844_B2_1855_C5a_SMALL_c1.tif,
306,https://digital.library.jhu.edu/node/14713,2419fbe6-7274-4320-b88a-08a2cae39834,"Map of the City of Baltimore, Md. Showing Relative Death Rates of the Total White Population...",,2008-03-10,1890,,31151027729981,https://catalyst.library.jhu.edu/catalog/bib_2742759,none,7e29bbd1-bf32-48a7-881a-ff1900a298b5,,Public digital access,Maps and Atlases,Copyright Not Evaluated,,corporate_body:Johns Hopkins University. Sheridan Libraries,Maps,Image,,Image,Test,,,b864c1ca-c561-4208-80e5-27fe293e65fb,,,,,,,https://stage.digital.library.jhu.edu/system/files/2022-03-24/G3844_B2_E5_1890_SMALL_c1.tif,
307,https://digital.library.jhu.edu/node/14714,ba02a52c-d1a4-4dd9-8013-bc80bf0ceda3,"Map of Baltimore, 1859",,2008-03-10,1859,,31151027728736|31151027728694,https://catalyst.library.jhu.edu/catalog/bib_2741581,54637246,b81401c5-5ce0-4a3c-80d7-3d375d4a2fd1,,Public digital access,Maps and Atlases,Copyright Not Evaluated,,corporate_body:Johns Hopkins University. Sheridan Libraries,Maps,Paged Content,,Image,Test,,,8305a19a-b175-4eeb-922f-a0473706cce8,,,,,,,,
308,https://digital.library.jhu.edu/node/14717,9e81750d-5cb3-432d-b73b-171b2a55291a,Approaches to Baltimore Harbor,,2008-03-10,1905,,31151027745698,https://catalyst.library.jhu.edu/catalog/bib_2821447,none,eea15393-08e9-411c-b27e-2a805485d7ff,,Public digital access,Maps and Atlases,Copyright Not Evaluated,,corporate_body:Johns Hopkins University. Sheridan Libraries,Maps,Image,,Image,Test,,,f561363d-bd5f-4639-abfe-e79740a910d0,,,,,,,https://stage.digital.library.jhu.edu/system/files/2022-03-24/G3844_B2_1905_H5_c1.tif,
309,https://digital.library.jhu.edu/node/14718,e4c35b6f-bcb3-480d-b0d9-2d51818d9a28,Freeway Plan 1980 Baltimore Region,,2008-03-10,1957,,31151027738933,https://catalyst.library.jhu.edu/catalog/bib_2817515,none,587152c2-cb72-4fe2-ad0d-a51a8253801f,,Public digital access,Maps and Atlases,Copyright Not Evaluated,,corporate_body:Johns Hopkins University. Sheridan Libraries,Maps,Image,,Image,Test,,,5c125152-8c62-4fc6-933e-b84385c63df1,,,,,,,https://stage.digital.library.jhu.edu/system/files/2022-03-24/G3844_B2_P2_1957_SMALL_c2.tif,
310,https://digital.library.jhu.edu/node/14719,082daf4c-04f3-449b-9459-b7bfd02c44f5,Canton Company of Baltimore Canton Railroad Company,,2008-03-10,1941,,31151027745524,https://catalyst.library.jhu.edu/catalog/bib_2820663,none,6899db07-0df9-4ae4-9b49-ce3b682b5c12,,Public digital access,Maps and Atlases,Copyright Not Evaluated,,corporate_body:Johns Hopkins University. Sheridan Libraries,Maps,Image,,Image,Test,,,9cfe79cd-aaf5-4c6e-9d35-33046c90389d,,,,,,,https://stage.digital.library.jhu.edu/system/files/2022-03-24/G3844_B2_P33_1941_c1.tif,
311,https://digital.library.jhu.edu/node/14720,eb79ebb8-fec8-4b58-95c7-cd72bef1590d,"Residential Security Map Baltimore, MD (draft)",,2008-03-10,1936,,31151027731623,https://catalyst.library.jhu.edu/catalog/bib_2744900,none,ce7841c2-a502-41bd-b071-0356f59af94c,,Public digital access,Maps and Atlases,Copyright Not Evaluated,,corporate_body:Johns Hopkins University. Sheridan Libraries,Maps,Image,,Image,Test,,,2b07fcb8-f537-48bb-9c96-da665c25ab36,,,,,,,https://stage.digital.library.jhu.edu/system/files/2022-03-24/G3844_B2_G45_1936_U5_c1.tif,bibframe:heldBy:corporate_body:United States. National Archives and Records Administration
312,https://digital.library.jhu.edu/node/14721,0c5a6bce-16ab-40f4-b5cb-540c6f316444,North Point 1947,,2008-03-11,1947,,31151016196549,https://catalyst.library.jhu.edu/catalog/bib_2228329,32471597,b6e7f5b8-307f-4113-a4cd-8ce58187f612,,Public digital access,Maps and Atlases,Copyright Not Evaluated,,corporate_body:Johns Hopkins University. Sheridan Libraries,Maps,Image,,Image,Test,,,832a6352-4d7a-4fa3-889f-318852cc1be9,,,,,,,https://stage.digital.library.jhu.edu/system/files/2022-03-24/Map-Topo_1_62%2C500_c1_NorthPoint.tif,
313,https://digital.library.jhu.edu/node/14722,a8ecb21d-ddec-4b32-8b5d-297e2d828a56,Accident 1900,,2008-03-12,1943,,m2224868,https://catalyst.library.jhu.edu/catalog/bib_2224868,40861530,89bce93d-e396-4841-be7a-779263b59311,,Public digital access,Maps and Atlases,Copyright Not Evaluated,,corporate_body:Johns Hopkins University. Sheridan Libraries,Maps,Image,,Image,Test,,,b117d5a9-e282-4d47-92b4-477e0743742e,,,,,,,https://stage.digital.library.jhu.edu/system/files/2022-03-24/Map-Topo_1_62%2C500_c1_Accident.tif,
314,https://digital.library.jhu.edu/node/14723,5c155265-a470-407c-935c-bbd72a2c74d5,"City atlas of Baltimore, Maryland, and environs : from official records, private plans and actual surveys, based upon plans deposited in the Department of Surveys",,2008-03-14,1876,,31151002866584|31151001037575,https://catalyst.library.jhu.edu/catalog/bib_587794,23087926,2e74a031-b71c-4c80-b1af-634b8c355cc7,,Public digital access,Maps and Atlases,Copyright Not Evaluated,,corporate_body:Johns Hopkins University. Sheridan Libraries,Maps|Atlases,Paged Content,,Image,Test,,,aac86a81-aa13-49db-8816-4daa2fc311ee,,,,,,,,
315,https://digital.library.jhu.edu/node/14808,627594da-706d-4522-868c-aa7b65e0c7c9,"Baltimore, 1894",,2008-03-18,1894,,31151027728629,https://catalyst.library.jhu.edu/catalog/bib_2741608,230165410,b625561a-0107-4fa9-b49f-e12baffbbdd4,,Public digital access,Maps and Atlases,Copyright Not Evaluated,,corporate_body:Johns Hopkins University. Sheridan Libraries,Maps,Image,,Image,Test,,,7d2ce60b-4f1b-4b24-b7d0-b7808b50f97f,,,,,,,https://stage.digital.library.jhu.edu/system/files/2022-03-24/G3844_B2_1894_SMALL_c1.tif,
316,https://digital.library.jhu.edu/node/14809,2d73aeef-5c8b-467d-a6d1-5413cc788710,Rand McNally & Co.'s Map of the Main Portion of Baltimore,,2008-03-18,1895,,31151027728645,https://catalyst.library.jhu.edu/catalog/bib_2741609,none,4cab5dc5-f1c6-4d93-b8e2-11ae5981b6b0,,Public digital access,Maps and Atlases,Copyright Not Evaluated,,corporate_body:Johns Hopkins University. Sheridan Libraries,Maps,Image,,Image,Test,,,627ea886-5e77-409e-9463-37ff426a3247,,,,,,,https://stage.digital.library.jhu.edu/system/files/2022-03-24/G3844_B2_1895_R3_SMALL_c2.tif,
317,https://digital.library.jhu.edu/node/14810,e8a2cad4-40d9-4967-abdc-46965f848f6d,Hurlock 1905,,2008-03-19,1945,,m2226281,https://catalyst.library.jhu.edu/catalog/bib_2226281,32456746,880cd43d-c5b0-4908-939f-fe39bad82914,,Public digital access,Maps and Atlases,Copyright Not Evaluated,,corporate_body:Johns Hopkins University. Sheridan Libraries,Maps,Image,,Image,Test,,,33e4deb2-c9eb-4b41-b18c-db654d24b158,,,,,,,https://stage.digital.library.jhu.edu/system/files/2022-03-24/Map-Topo_1_62%2C500_c1_Hurlock.tif,
318,https://digital.library.jhu.edu/node/14811,5d15cb59-c816-4220-b8c6-80db96b5be65,Leonardtown 1950,,2008-03-19,1950,,31151029579673,https://catalyst.library.jhu.edu/catalog/bib_4150721,none,67a28c26-57d3-4b2c-8cbe-28009acc63a3,,Public digital access,Maps and Atlases,Copyright Not Evaluated,,corporate_body:Johns Hopkins University. Sheridan Libraries,Maps,Image,,Image,Test,,,b4b34617-924f-429d-bbeb-0f175e5597f2,,,,,,,https://stage.digital.library.jhu.edu/system/files/2022-03-24/Map-Topo_1_62%2C500_c1_Leonardtown.tif,
319,https://digital.library.jhu.edu/node/14812,b3d0c3f9-8b02-4a57-8580-22193f594d35,Block Plan of the Johns Hopkins Hospital,,2008-03-21,1877,,31151027745235,https://catalyst.library.jhu.edu/catalog/bib_2818451,none,290cfa27-1cad-4948-bb7d-7db2b22bf519,,Public digital access,Maps and Atlases,Copyright Not Evaluated,,corporate_body:Johns Hopkins University. Sheridan Libraries,Maps,Image,,Image,Test,,,390a5e0b-ae65-4ca9-a7b0-6a935fe1b876,,,,,,,https://stage.digital.library.jhu.edu/system/files/2022-03-24/G3844_B2_2_J68_1877_SMALL_c1.tif,
320,https://digital.library.jhu.edu/node/14813,4e1b73d9-ad7f-462c-8329-3a7c4ac1273b,Mount Airy 1945,,2008-03-31,1945,,31151016196507,https://catalyst.library.jhu.edu/catalog/bib_2228326,32459471,387d4032-dbb7-41f1-8603-59e959966d77,,Public digital access,Maps and Atlases,Copyright Not Evaluated,,corporate_body:Johns Hopkins University. Sheridan Libraries,Maps,Image,,Image,Test,,,25e255bf-02a4-4d69-bab1-9f28c5e76aba,,,,,,,https://stage.digital.library.jhu.edu/system/files/2022-03-24/Map-Topo_1_62%2C500_c1_Mount%20Airy.tif,
321,https://digital.library.jhu.edu/node/14814,019333a5-a8bd-4077-90bf-d223d0a9bfd5,Nanticoke 1903,,2008-03-31,1945,,31151016196531,https://catalyst.library.jhu.edu/catalog/bib_2228328,32459620,13aa2617-1f4f-4a96-8646-ae3773e9747a,,Public digital access,Maps and Atlases,Copyright Not Evaluated,,corporate_body:Johns Hopkins University. Sheridan Libraries,Maps,Image,,Image,Test,,,f81d4ca1-5da7-496d-b2b2-7fae3ac82972,,,,,,,https://stage.digital.library.jhu.edu/system/files/2022-03-24/Map-Topo_1_62%2C500_c1_Nanticoke.tif,
322,https://digital.library.jhu.edu/node/14815,b7e73436-4f6f-43f8-91c8-a5b41127adfc,Ocean City 1942,,2008-04-01,1961,,31151030960979,https://catalyst.library.jhu.edu/catalog/bib_4165638,none,cdb7a747-ae5b-4394-ac79-9dd9fe061b09,,Public digital access,Maps and Atlases,Copyright Not Evaluated,,corporate_body:Johns Hopkins University. Sheridan Libraries,Maps,Image,,Image,Test,,,6084bdef-fc47-4fc0-bb5d-d9a00fd83df4,,,,,,,https://stage.digital.library.jhu.edu/system/files/2022-03-24/Map-Topo_1_50%2C000_c1_OceanCity.tif,
323,https://digital.library.jhu.edu/node/14816,98efc1df-c421-45d9-8243-c80482cf8bc9,Piney Point 1901,,2008-04-01,1945,,31151016196424,https://catalyst.library.jhu.edu/catalog/bib_2228400,45095342,0e5786fb-23b2-4539-a3b0-598647cb4dc9,,Public digital access,Maps and Atlases,Copyright Not Evaluated,,corporate_body:Johns Hopkins University. Sheridan Libraries,Maps,Image,,Image,Test,,,464bd6ea-77b4-4f2d-b005-555d42f676d3,,,,,,,https://stage.digital.library.jhu.edu/system/files/2022-03-24/Map-Topo_1_62%2C500_c1_Piney%20Point.tif,
324,https://digital.library.jhu.edu/node/14817,53532f15-6673-490f-93a7-070d4974a3d2,Sharps Island 1904,,2008-04-03,1944,,31151016196408,https://catalyst.library.jhu.edu/catalog/bib_2228407,32473032,46b7faa5-d75c-4bfe-b3d9-8d239d7e7646,,Public digital access,Maps and Atlases,Copyright Not Evaluated,,corporate_body:Johns Hopkins University. Sheridan Libraries,Maps,Image,,Image,Test,,,51229d46-691a-4b74-951b-abf53ac95f69,,,,,,,https://stage.digital.library.jhu.edu/system/files/2022-03-24/Map-Topo_1_62%2C500_c1_SharpsIsland.tif,
325,https://digital.library.jhu.edu/node/14818,f986b867-7ebd-4077-9c8a-264b3eb5a351,Snow Hill 1901,,2008-04-03,1944,,31151016196291,https://catalyst.library.jhu.edu/catalog/bib_2228408,32473123,62713305-e2ff-4edf-9987-c0b57bfde927,,Public digital access,Maps and Atlases,Copyright Not Evaluated,,corporate_body:Johns Hopkins University. Sheridan Libraries,Maps,Image,,Image,Test,,,99245ea9-4116-4ed4-b6b9-7999688850c9,,,,,,,https://stage.digital.library.jhu.edu/system/files/2022-03-24/Map-Topo_1_62%2C500_c1_SnowHill.tif,
326,https://digital.library.jhu.edu/node/14819,73e91364-493f-4724-b4a8-5e763b8e485a,Salisbury 1901,,2008-04-03,1945,,31151016196390,https://catalyst.library.jhu.edu/catalog/bib_2228406,32471771,0b1b6924-93d0-4df8-87df-bc5e519c8a70,,Public digital access,Maps and Atlases,Copyright Not Evaluated,,corporate_body:Johns Hopkins University. Sheridan Libraries,Maps,Image,,Image,Test,,,f85c6719-9432-48d6-918e-e22053b83408,,,,,,,https://stage.digital.library.jhu.edu/system/files/2022-03-24/Map-Topo_1_62%2C500_c1_Salisbury.tif,
327,https://digital.library.jhu.edu/node/14820,fe350f40-a397-4413-9316-cf7538477757,Upper Marlboro 1934,,2008-04-04,1934,,31151016196309,https://catalyst.library.jhu.edu/catalog/bib_2228410,36931474,d1643587-0c46-4ee4-aa3f-a5f994b25a13,,Public digital access,Maps and Atlases,Copyright Not Evaluated,,corporate_body:Johns Hopkins University. Sheridan Libraries,Maps,Image,,Image,Test,,,873d0a98-4ab4-4baa-80ae-8366234e5396,,,,,,,https://stage.digital.library.jhu.edu/system/files/2022-03-24/Map-Topo_1_62%2C500_c1_UpperMarlboro.tif,
328,https://digital.library.jhu.edu/node/14821,8848fecb-2b37-4438-a0cb-736e709c1b16,Hebron 1943,,2008-04-04,1943,,31151030959666,https://catalyst.library.jhu.edu/catalog/bib_4143761,none,e593a1ac-789f-456c-995a-f522cc79f259,,Public digital access,Maps and Atlases,Copyright Not Evaluated,,corporate_body:Johns Hopkins University. Sheridan Libraries,Maps,Image,,Image,Test,,,34f990bf-8745-465c-9b8f-552511c75c55,,,,,,,https://stage.digital.library.jhu.edu/system/files/2022-03-24/Map-Topo_1_31%2C680_c1_Hebron.tif,
329,https://digital.library.jhu.edu/node/14822,da25b6ec-e81b-487d-8045-8ef54eeec199,New Windsor 1944,,2008-04-04,1944,,31151030960003,https://catalyst.library.jhu.edu/catalog/bib_4144001,none,57a14b05-8909-40bf-9ded-b78d642fac18,,Public digital access,Maps and Atlases,Copyright Not Evaluated,,corporate_body:Johns Hopkins University. Sheridan Libraries,Maps,Image,,Image,Test,,,7d08ca3f-02a5-421a-9ceb-614f1978b9f6,,,,,,,https://stage.digital.library.jhu.edu/system/files/2022-03-24/Map-Topo_1_31%2C680_c1_NewWindsor.tif,
330,https://digital.library.jhu.edu/node/14823,1a261f5d-0250-4b99-b1db-101040b97c92,2nd Ward Baltimore City 1920,,2008-04-22,1920,,31151027731375,https://catalyst.library.jhu.edu/catalog/bib_2392858,none,506d2857-e7d9-4a4f-aff2-f2933c3ec762,,Public digital access,Maps and Atlases,Copyright Not Evaluated,,corporate_body:Johns Hopkins University. Sheridan Libraries,Maps,Image,,Image,Test,,,55e0f7ad-76f7-49e0-80ec-4ff81e5e3322,,,,,,,https://stage.digital.library.jhu.edu/system/files/2022-03-24/G3844_B2_F7_1920_Ward2_c1.tif,bibframe:heldBy:corporate_body:United States. National Archives and Records Administration
331,https://digital.library.jhu.edu/node/14824,60b361d5-3d75-4607-a989-a36fd8ee9f70,17th Ward Baltimore City 1920,,2008-04-22,1920,,31151027751803,https://catalyst.library.jhu.edu/catalog/bib_2865360,none,ddb77a5e-d8fd-4ab8-bc8d-7cb3dbf609a2,,Public digital access,Maps and Atlases,Copyright Not Evaluated,,corporate_body:Johns Hopkins University. Sheridan Libraries,Maps,Image,,Image,Test,,,76405048-e871-4314-9e7b-e21ccf74419b,,,,,,,https://stage.digital.library.jhu.edu/system/files/2022-03-24/G3844_B2_F7_1920_Ward_17_SMALL_c1.tif,bibframe:heldBy:corporate_body:United States. National Archives and Records Administration
332,https://digital.library.jhu.edu/node/14825,e7f63552-eb02-4372-97d0-344039c603dd,7th Ward Baltimore City 1920,,2008-04-22,1920,,31151027501307,https://catalyst.library.jhu.edu/catalog/bib_2392868,none,6bb4662f-5e04-48ea-adfe-87d12ae86d60,,Public digital access,Maps and Atlases,Copyright Not Evaluated,,corporate_body:Johns Hopkins University. Sheridan Libraries,Maps,Image,,Image,Test,,,7bc2d80d-025a-46e1-87f9-fe8ace18034c,,,,,,,https://stage.digital.library.jhu.edu/system/files/2022-03-24/G3844_B2_F7_1920_Ward7_SMALL_c1.tif,bibframe:heldBy:corporate_body:United States. National Archives and Records Administration
333,https://digital.library.jhu.edu/node/14826,1a5fb0f9-ae0f-4605-b718-cbf160207862,Map of the City of Baltimore with the New Ward and Precinct Divisions,,2008-04-22,1882,,31151027745680,https://catalyst.library.jhu.edu/catalog/bib_2821441,832441362,cecaa234-77c1-41c9-b01e-7173543af4af,,Public digital access,Maps and Atlases,Copyright Not Evaluated,,corporate_body:Johns Hopkins University. Sheridan Libraries,Maps,Image,,Image,Test,,,c398b9cf-4101-45b5-aaef-81bd26568260,,,,,,,https://stage.digital.library.jhu.edu/system/files/2022-03-24/G3844_B2_1882_H6_c1.tif,
334,https://digital.library.jhu.edu/node/14827,7a4bda77-df93-431b-9bea-3048986b6728,"Baltimore Region Rail System Plan: Existing and Proposed Lines, Adopted March 2002",,2008-04-22,2002,,31151027731763,https://catalyst.library.jhu.edu/catalog/bib_2744987,none,794a8764-0c03-4563-b2bb-5b673a20e9ef,,Public digital access,Maps and Atlases,Copyright Not Evaluated,,corporate_body:Johns Hopkins University. Sheridan Libraries,Maps,Image,,Image,Test,,,80bd4abb-f9a2-4f99-880d-8444f9d83648,,,,,,,https://stage.digital.library.jhu.edu/system/files/2022-03-24/G3844_B2_P33_2002_M3a_c1.tif,
335,https://digital.library.jhu.edu/node/14828,367b7861-4e6c-4b7a-a8f1-7125177f85a5,Baltimore Region Rail System Plan Map: Adopted March 2002,,2008-04-22,2002,,31151027731656,https://catalyst.library.jhu.edu/catalog/bib_2744984,none,d081fe3f-06fd-464d-b2f5-761437ad2c73,,Public digital access,Maps and Atlases,Copyright Not Evaluated,,corporate_body:Johns Hopkins University. Sheridan Libraries,Maps,Image,,Image,Test,,,78a1bef7-027f-4527-80c6-df60d71967cf,,,,,,,https://stage.digital.library.jhu.edu/system/files/2022-03-24/G3844_B2_P33_2002_M3_c1.tif,
336,https://digital.library.jhu.edu/node/14829,d5e7ecd2-2cd1-435d-bd6e-11cb45667332,"Atlas of the City of Baltimore, MD, 1897",,2008-05-06,1897,,31151007086402,https://catalyst.library.jhu.edu/catalog/bib_1467025,740121518,e381a8dd-0b68-41f5-a5d4-65948897ba82,,Public digital access,Maps and Atlases,Copyright Not Evaluated,,corporate_body:Johns Hopkins University. Sheridan Libraries,Maps|Atlases,Paged Content,,Image,Test,,,99431ed4-1d86-4b57-9e27-eabe139172cb,,,,,,,,
337,https://digital.library.jhu.edu/node/14870,9336945f-8a68-4a03-ab85-83964101ae5a,"An Illustrated Atlas of Washington County, Maryland",,2008-05-29,1877,,31151008268660,https://catalyst.library.jhu.edu/catalog/bib_588006,29673170,e7ee5d31-41e5-4fbb-883b-e78f9a8c6925,,Public digital access,Maps and Atlases,Copyright Not Evaluated,,corporate_body:Johns Hopkins University. Sheridan Libraries,Maps|Atlases,Paged Content,,Image,Test,,,39e3dbae-a795-4bdf-abd0-395e372c79b2,,,,,,,,
338,https://digital.library.jhu.edu/node/14916,b9eea2fc-e700-491a-ad1d-92a4a73d4ccb,"An Illustrated Atlas of Carroll County, Maryland",,2008-10-21,1877,,1745145,https://catalyst.library.jhu.edu/catalog/bib_1745145,54144977,fc5f73e9-a8e7-47d5-9ffe-1b0d61c5d55f,,Public digital access,Maps and Atlases,Copyright Not Evaluated,,corporate_body:Johns Hopkins University. Sheridan Libraries,Maps|Atlases,Paged Content,,Image,Test,,,624354d5-c050-489c-b95d-830332f931e5,,,,,,,,
339,https://digital.library.jhu.edu/node/14946,02e9b258-f1f6-41e9-b4a6-f123d488f956,Maryland,,2009-01-19,1819,,31151027730112,https://catalyst.library.jhu.edu/catalog/bib_2582512,9934754,c0b8717c-79b5-430f-8902-2ffd5e8c0650,,Public digital access,Maps and Atlases,Copyright Not Evaluated,,corporate_body:Johns Hopkins University. Sheridan Libraries,Maps,Image,,Image,Test,,,c4381ac7-9f4b-4e04-bdff-4e47e5003584,,,,,,,https://stage.digital.library.jhu.edu/system/files/2022-03-24/G3840_1819_SMALL.tif,
340,https://digital.library.jhu.edu/node/14947,5c1042d3-d624-4dde-999f-5975ca1800b4,Recommended Capital Improvements,,2009-02-06,1967,,31151027738842,https://catalyst.library.jhu.edu/catalog/bib_2817405,none,eeb972c8-6c29-4003-9de5-dedb7cfb2c67,,Public digital access,Maps and Atlases,Copyright Not Evaluated,,corporate_body:Johns Hopkins University. Sheridan Libraries,Maps,Image,,Image,Test,,,77141880-8e2c-4e54-9211-0d96f9ce7b3c,,,,,,,https://stage.digital.library.jhu.edu/system/files/2022-03-24/G3844_B2_G45_1968-1973_SMALL_c1.tif,
341,https://digital.library.jhu.edu/node/14948,b68f56a6-e0ca-4eab-b18b-f7a5ad0c706c,"Map of Baltimore, 1892",,2009-02-06,1892,,31151027728611,https://catalyst.library.jhu.edu/catalog/bib_2741551,230165333,c7245809-fb93-4841-8c23-08d9cace3a76,,Public digital access,Maps and Atlases,Copyright Not Evaluated,,corporate_body:Johns Hopkins University. Sheridan Libraries,Maps,Image,,Image,Test,,,8e784bd7-9969-44da-8980-dfdf8f5a5b58,,,,,,,https://stage.digital.library.jhu.edu/system/files/2022-03-24/G3844_B2_1892_W5_SMALL_c1.tif,
342,https://digital.library.jhu.edu/node/14949,73c4515e-efc2-43b5-9d1f-efdfa4765851,"Parks, Recreation Areas and Open Spaces",,2009-02-06,1958,,31151027730021,https://catalyst.library.jhu.edu/catalog/bib_2742871,230165933,4bcbc5ae-0de3-47b7-bf11-d4b17df58f86,,Public digital access,Maps and Atlases,Copyright Not Evaluated,,corporate_body:Johns Hopkins University. Sheridan Libraries,Maps,Image,,Image,Test,,,cd8218c3-a87e-408d-ac3f-ee37f2b68a1b,,,,,,,https://stage.digital.library.jhu.edu/system/files/2022-03-24/G3844_B2_G5_1958_SMALL_c1.tif,
343,https://digital.library.jhu.edu/node/14950,c13a0814-f6e9-4023-9145-884ef1a5923b,RandMcNally & Co.'s Map of the Main Portion of Baltimore,,2009-02-06,1895,,31151027728637,https://catalyst.library.jhu.edu/catalog/bib_2741609,none,36eb3d6b-4e6a-474d-acc9-afbc01de7581,,Public digital access,Maps and Atlases,Copyright Not Evaluated,,corporate_body:Johns Hopkins University. Sheridan Libraries,Maps,Image,,Image,Test,,,faf14949-898f-480f-9ca8-9819363adf52,,,,,,,https://stage.digital.library.jhu.edu/system/files/2022-03-24/G3844_B2_1895_R3_SMALL_c1.tif,
344,https://digital.library.jhu.edu/node/14951,31fddeca-81fb-40ef-9236-198b3cee5b79,Baltimore County,,2009-02-06,1865,,31151028748576,https://catalyst.library.jhu.edu/catalog/bib_3447103,none,1392f933-72a4-4aad-891a-43828262a936,,Public digital access,Maps and Atlases,Copyright Not Evaluated,,corporate_body:Johns Hopkins University. Sheridan Libraries,Maps,Image,,Image,Test,,,c9151d79-df97-4bc6-b491-a78e260cafcb,,,,,,,https://stage.digital.library.jhu.edu/system/files/2022-03-24/G3843_B3_1865_c1.tif,
345,https://digital.library.jhu.edu/node/14952,4630189f-0174-4963-90ec-a97c8f6eeb1d,"The Tourist's Guide Through the States of Maryland, Delaware and parts of Pennsylvania & Virginia: with the routes to their springs, & c.",,2009-02-07,1836,,31151027417256,https://catalyst.library.jhu.edu/catalog/bib_2609303,10322634,c280d392-96f1-456c-94f9-d9fbc43ec2f5,,Public digital access,Maps and Atlases,Copyright Not Evaluated,,corporate_body:Johns Hopkins University. Sheridan Libraries,Maps,Image,,Image,Test,,,a78ee42b-bde7-4043-94ed-da58129e2d86,,,,,,,https://stage.digital.library.jhu.edu/system/files/2022-03-24/G3840_1836_c1.tif,
346,https://digital.library.jhu.edu/node/14953,f8f0e3c5-35ee-4c9f-add6-345baed5591a,Building Plan of the Johns Hopkins University,,2009-02-17,1906,,31151027746993,https://catalyst.library.jhu.edu/catalog/bib_2860946,none,30b4f4eb-bb64-4b0e-8ccb-378d777419e3,,Public digital access,Maps and Atlases,Copyright Not Evaluated,,corporate_body:Johns Hopkins University. Sheridan Libraries,Maps,Image,,Image,Test,,,b621fb58-b656-423c-9c3d-fbb5a53c767e,,,,,,,https://stage.digital.library.jhu.edu/system/files/2022-03-24/G3844_B2_2_J6_1906_SMALL_c1.tif,
347,https://digital.library.jhu.edu/node/14954,f2d69afa-7747-4af2-8e63-51c64019d835,"Map of Baltimore, 1906",,2009-02-17,1906,,31151027728678,https://catalyst.library.jhu.edu/catalog/bib_2741684,230165428,3343daee-0ad4-4e2c-8975-e5e9d5e64357,,Public digital access,Maps and Atlases,Copyright Not Evaluated,,corporate_body:Johns Hopkins University. Sheridan Libraries,Maps,Image,,Image,Test,,,b2f0e03e-7a1c-4b8d-9716-8db34e74434b,,,,,,,https://stage.digital.library.jhu.edu/system/files/2022-03-24/G3844_B2_1906_SMALL_c1.tif,
348,https://digital.library.jhu.edu/node/14955,dda55ff1-5aa9-4fed-be9a-bb3ae4a4a1fc,Maryland,,2009-02-23,1812,,31151031397114,https://catalyst.library.jhu.edu/catalog/bib_4659123,45850537,c0d9aebb-b95e-4b57-bcbf-0dbb692b098a,,Public digital access,Maps and Atlases,Copyright Not Evaluated,,corporate_body:Johns Hopkins University. Sheridan Libraries,Maps,Image,,Image,Test,,,d1e1900b-c12e-402d-aef0-b4dc3f2c57ad,,,,,,,https://stage.digital.library.jhu.edu/system/files/2022-03-24/G3840_1812_c1.tif,
349,https://digital.library.jhu.edu/node/14956,f26fba0b-37ab-4df2-b303-cd01c63a3075,"City of Baltimore, Reproduction of the Use District Map as Amended to January 1, 1958 Part of the Zoning Ordinance.",,2009-02-23,1958,,31151027500689,https://catalyst.library.jhu.edu/catalog/bib_3456611,none,863bdd35-7b6f-415f-afcf-98f4b07c9b35,,Public digital access,Maps and Atlases,Copyright Not Evaluated,,corporate_body:Johns Hopkins University. Sheridan Libraries,Maps,Image,,Image,Test,,,ceb23673-7f57-43cc-b782-ef2f2959eee3,,,,,,,https://stage.digital.library.jhu.edu/system/files/2022-03-24/G3844_B2_G45_1958_c1.tif,
350,https://digital.library.jhu.edu/node/14957,298bfbc2-31f9-482a-a90e-93f8e75e0fd6,Map of Baltimore: To Give the Visitors Within our Gates a Panorama of our Historic Landmarks and Glorious Scenic Attractions,,2009-02-26,1946,,31151027738784,https://catalyst.library.jhu.edu/catalog/bib_2817304,62291972,7f7694fd-5109-4b05-87b9-935f4da83c0b,,Public digital access,Maps and Atlases,Copyright Not Evaluated,,corporate_body:Johns Hopkins University. Sheridan Libraries,Maps,Image,,Image,Test,,,d473c615-8dec-4696-9939-0c3bd176600d,,,,,,,https://stage.digital.library.jhu.edu/system/files/2022-03-24/G3844_B2_E635_1946_B4_c1.tif,
351,https://digital.library.jhu.edu/node/14958,45e70d06-ef21-4331-a9e5-1e74f7d456cd,Study for East-West Expressway,,2009-04-02,1960,,31151017309653,https://catalyst.library.jhu.edu/catalog/bib_856707,none,293e4fa7-a693-40c9-8741-2fa8008c0feb,,Public digital access,Maps and Atlases,Copyright Not Evaluated,,corporate_body:Johns Hopkins University. Sheridan Libraries,Maps,Paged Content,,Image,Test,,,27e86bcd-273e-42a4-92aa-4de59cd33cb1,,,,,,,,
352,https://digital.library.jhu.edu/node/15063,7fae889b-8b93-404d-912c-aff628449ecb,"Plan and Profile of Proposed Diversion of Jones' Falls from Belvidere Bridge to Head of Back Creek or Mouth of Herring Run. Exhibiting: Tunnel, Covered Arching & Open Canal",,2009-05-05,1868,,31151032134458,https://catalyst.library.jhu.edu/catalog/bib_5072802,none,fa214c55-9564-49bc-8f46-a8d106ad7ec4,,Public digital access,Maps and Atlases,Copyright Not Evaluated,,corporate_body:Johns Hopkins University. Sheridan Libraries,Maps,Image,,Image,Test,,,fb472515-bb3f-4088-a340-be201ab2c57c,,,,,,,https://stage.digital.library.jhu.edu/system/files/2022-03-28/G3844_B2_1872_S5a_c1_planProfile_0.jp2,
353,https://digital.library.jhu.edu/node/15064,63fffb0f-2567-4de3-8352-f893fea40499,"Maps from ""Report of the joint standing committee on Jones' Falls, to the first branch of the City council of Baltimore, October 7, 1870: Together with the ordinance as adopted Jan. 31, 1870""",,2009-05-05,1870,,31151030276657,https://catalyst.library.jhu.edu/catalog/bib_809787,13693858,6e7c88a7-6fec-4380-ad6f-d9eef251d614,,Public digital access,Maps and Atlases,Copyright Not Evaluated,,corporate_body:Johns Hopkins University. Sheridan Libraries,Maps,Paged Content,,Image,Test,,,88b6ce17-5be8-4682-a736-6600a0796f9e,,,,,,,,
354,https://digital.library.jhu.edu/node/15070,83e4af63-800f-4d9d-9f2b-4e3b0bef9d24,Prospectus Charles Center Urban Renewal Project Development Area 12,,2009-08-04,1965-05,,31151027804545,https://catalyst.library.jhu.edu/catalog/bib_3498655,none,fbf2fa97-6bc7-4dfe-bb4c-040cf0ffa0f0,,Public digital access,Maps and Atlases,Copyright Not Evaluated,,corporate_body:Johns Hopkins University. Sheridan Libraries,Maps,Paged Content,,Image,Test,,,17dd885e-6e5b-4195-8ebe-333c6f633545,,,,,,,,
355,https://digital.library.jhu.edu/node/15103,d433dc88-ff00-41ad-bfe8-03bc71d5d47b,Charles Center,,2009-09-04,1958,,31151013239102,https://catalyst.library.jhu.edu/catalog/bib_515488,1071082,eb61d101-1a4f-463f-96e2-1c3fae1f81c5,,Public digital access,Maps and Atlases,Copyright Not Evaluated,,corporate_body:Johns Hopkins University. Sheridan Libraries,Maps,Paged Content,,Image,Test,,,81254f0f-3f38-42a5-98df-15aad69f356f,,,,,,,,
356,https://digital.library.jhu.edu/node/15134,e1d134c9-9cb0-4881-ba5e-554155c2b081,A Program for Older Business Districts: Baltimore,,2009-10-08,1970,,31151027804560,https://catalyst.library.jhu.edu/catalog/bib_3498739,134329,9c7970c9-32a5-4dbf-a329-16bf4a166c3a,,Public digital access,Maps and Atlases,Copyright Not Evaluated,,corporate_body:Johns Hopkins University. Sheridan Libraries,Maps,Paged Content,,Image,Test,,,087b4134-c5df-4048-9686-06d396c9b08e,,,,,,,,
357,https://digital.library.jhu.edu/node/15184,e611e34d-98e9-4efc-8840-fdfd74c623a8,The Baltimore Harbor,,2009-10-16,1985,,31151027804552,https://catalyst.library.jhu.edu/catalog/bib_3498738,12897102,c633cd0a-7f35-4b5c-bd8e-7ee59f9fc3aa,,Public digital access,Maps and Atlases,Copyright Not Evaluated,,corporate_body:Johns Hopkins University. Sheridan Libraries,Maps,Paged Content,,Image,Test,,,aab51cc2-121a-43bc-a221-9cb67ae4e3a7,,,,,,,,
358,https://digital.library.jhu.edu/node/15302,108d2b3b-706e-4ca7-b146-4061ff8202dc,The Jones Falls Valley Plan,,2009-10-22,1961,,31151003101163,https://catalyst.library.jhu.edu/catalog/bib_880959,4929552,07d12e73-88cb-46da-8cc2-ee5b5ee80ebc,,Public digital access,Maps and Atlases,Copyright Not Evaluated,,corporate_body:Johns Hopkins University. Sheridan Libraries,Maps,Paged Content,,Image,Test,,,31610a1f-d7e3-4786-a417-ccf3d1de4c94,,,,,,,,
359,https://digital.library.jhu.edu/node/15348,a10c36f5-18dd-4275-8121-be3f405eda86,Interstate Highways 70N and 95: the East-West and Southwest Expressways: Preliminary Engineering Report,,2009-10-27,1961,,31151034675300|31151010105439,https://catalyst.library.jhu.edu/catalog/bib_1366398,81508031,bab18a6a-db22-4dac-8aea-9c6541fd9a67,,Public digital access,Maps and Atlases,Copyright Not Evaluated,,corporate_body:Johns Hopkins University. Sheridan Libraries,Maps,Paged Content,,Image,Test,,,3abb81bb-8f76-442c-bc30-c0d48e6fd8ba,,,,,,,,
360,https://digital.library.jhu.edu/node/15548,de81138a-cce9-40d8-93e1-e984f4c72001,Geologic map of Maryland,,2009-11-12,1968,,31151007107679,https://catalyst.library.jhu.edu/catalog/bib_2618492,7379902,20c16edf-abb8-4f0e-ad01-ae31060f059a,,Public digital access,Maps and Atlases,Copyright Not Evaluated,,corporate_body:Johns Hopkins University. Sheridan Libraries,Maps,Image,,Image,Test,,,cc85f4a9-131c-47f2-a727-e192abcc417d,,,,,,,https://stage.digital.library.jhu.edu/system/files/2022-03-28/G3841_C5_1968_c3_0.jp2,
361,https://digital.library.jhu.edu/node/15549,d2b1c786-b22f-4a13-ae8b-28960977451f,"Map of Maryland, showing highways, steam and electric railways and steamboat lines",,2009-11-12,1920,,31151024811337,https://catalyst.library.jhu.edu/catalog/bib_2618489,33337943,e978dc23-83a1-46e3-8192-6bdff64cc196,,Public digital access,Maps and Atlases,Copyright Not Evaluated,,corporate_body:Johns Hopkins University. Sheridan Libraries,Maps,Image,,Image,Test,,,ce41e392-3aed-42f8-b047-d00ab6dee272,,,,,,,https://stage.digital.library.jhu.edu/system/files/2022-03-28/G3841_P1_1920_c1_0.jp2,
362,https://digital.library.jhu.edu/node/15550,c7bc468c-4d94-4714-88b1-127cb80f4ba5,Geologic map of Allegany County,,2009-11-12,1956,,31151024829313,https://catalyst.library.jhu.edu/catalog/bib_2628175,30575800,5f9e9ae3-6d29-4b30-b0e0-3eb95e7460a1,,Public digital access,Maps and Atlases,Copyright Not Evaluated,,corporate_body:Johns Hopkins University. Sheridan Libraries,Maps,Image,,Image,Test,,,9f32d975-96db-452b-851e-7a2c79b7d9d6,,,,,,,https://stage.digital.library.jhu.edu/system/files/2022-03-28/G3843_A4_C5_1956_c2_0.jp2,
363,https://digital.library.jhu.edu/node/15551,2179e9c8-5433-4a7b-ad20-b598fe34318e,Routes Traveled by George Washington in Maryland,,2009-11-13,1748,,31151024413662,https://catalyst.library.jhu.edu/catalog/bib_560052,none,855ab0e3-d72e-4058-b5bd-6b7f96700219,,Public digital access,Maps and Atlases,Copyright Not Evaluated,,corporate_body:Johns Hopkins University. Sheridan Libraries,Maps,Image,,Image,Test,,,33b6e745-31a6-4618-bdbb-8eb09ab17170,,,,,,,https://stage.digital.library.jhu.edu/system/files/2022-03-28/G3841_A85_1748-1798_c1_0.jp2,
364,https://digital.library.jhu.edu/node/15552,b7118be2-9681-4649-a452-6059c2e98778,Map of Maryland showing political divisions,,2009-11-13,1935,,31151024811329,https://catalyst.library.jhu.edu/catalog/bib_2618484,10110806,98d2b278-66cb-4d84-89c3-74c00fb9df74,,Public digital access,Maps and Atlases,Copyright Not Evaluated,,corporate_body:Johns Hopkins University. Sheridan Libraries,Maps,Image,,Image,Test,,,27833eaa-4d53-4bef-99a3-a948c8ac6190,,,,,,,https://stage.digital.library.jhu.edu/system/files/2022-03-28/G3841_F7_1935_c1_0.jp2,
365,https://digital.library.jhu.edu/node/15553,a4306407-5ef2-4ef1-9828-77d09c7eee09,Soil Map of Worcester County Maryland,,2009-11-13,1933,,31151027415441,https://catalyst.library.jhu.edu/catalog/bib_2726196,none,c0380880-819c-48d2-92b2-252e712c4e89,,Public digital access,Maps and Atlases,Copyright Not Evaluated,,corporate_body:Johns Hopkins University. Sheridan Libraries,Maps,Image,,Image,Test,,,439aaa04-55e9-4652-9626-d76c57bc596c,,,,,,,https://stage.digital.library.jhu.edu/system/files/2022-03-28/G3843_W6_J3_1933z_c1_0.jp2,
366,https://digital.library.jhu.edu/node/15554,64d6e965-f1b4-4438-8159-f1d9d3af7568,Physical Atlas of Maryland: Allegany County,,2009-11-13,1898,,31151027501026|31151027501034|31151027501042|31151027501059|31151027501067|31151027501075,https://catalyst.library.jhu.edu/catalog/bib_3457517,34062512,a2842c8f-b065-495b-b93c-684ef188f746,,Public digital access,Maps and Atlases,Copyright Not Evaluated,,corporate_body:Johns Hopkins University. Sheridan Libraries,Maps,Paged Content,,Image,Test,,,b7918d65-362c-420e-b7dc-c94d9022b4d8,,,,,,,,
367,https://digital.library.jhu.edu/node/15561,ce5ea352-fd2d-4f29-bd2f-b16c4e15f54d,Development Map,,2009-11-13,1957,,31151024829453,https://catalyst.library.jhu.edu/catalog/bib_2628697,none,b2a53200-6e09-441c-8c17-01b70048a6ec,,Public digital access,Maps and Atlases,Copyright Not Evaluated,,corporate_body:Johns Hopkins University. Sheridan Libraries,Maps,Image,,Image,Test,,,d385a631-4ed9-4e0e-81b8-e51e1faaa6be,,,,,,,https://stage.digital.library.jhu.edu/system/files/2022-03-28/G3843_B3_G45_1951-1957_c1_0.jp2,
368,https://digital.library.jhu.edu/node/15562,a52d0b54-343c-4f4e-9330-bae09631fcad,"Important farmlands, Baltimore County, Maryland",,2009-11-16,1981,,31151024811378,https://catalyst.library.jhu.edu/catalog/bib_2618486,7696152,1994f9ba-e675-4ebb-80c1-9583a3c79d79,,Public digital access,Maps and Atlases,Copyright Not Evaluated,,corporate_body:Johns Hopkins University. Sheridan Libraries,Maps,Image,,Image,Test,,,6461b4b8-9a5c-4ec3-8e6d-fe6b1420c8b9,,,,,,,https://stage.digital.library.jhu.edu/system/files/2022-03-28/G3843_B3_J1_1981_U5_c1_0.jp2,
369,https://digital.library.jhu.edu/node/15563,6f2e878a-ca22-4411-bfe0-12ec5b70a8e1,"Soil Map of Caroline County, Maryland",,2009-11-16,1929,,31151027747199,https://catalyst.library.jhu.edu/catalog/bib_2862007,none,5f76ec26-fceb-4c60-b0c4-32f6cb9a7e50,,Public digital access,Maps and Atlases,Copyright Not Evaluated,,corporate_body:Johns Hopkins University. Sheridan Libraries,Maps,Image,,Image,Test,,,cdf378e5-cf43-40a9-ab0e-58bda73c7879,,,,,,,https://stage.digital.library.jhu.edu/system/files/2022-03-28/G3843_C3_J3_1929_U5_c1_0.jp2,
370,https://digital.library.jhu.edu/node/15564,78eb59e4-c8ef-4003-bcf2-1669893bc075,"Soil Map, Cecil County, Maryland",,2009-11-16,1927,,31151024828604,https://catalyst.library.jhu.edu/catalog/bib_2637045,704342878,e012af0d-9445-47fe-be76-2aa3c42bc8eb,,Public digital access,Maps and Atlases,Copyright Not Evaluated,,corporate_body:Johns Hopkins University. Sheridan Libraries,Maps,Paged Content,,Image,Test,,,da079a7c-1fbe-4eb0-9cf0-71c8b85630a4,,,,,,,,
371,https://digital.library.jhu.edu/node/15567,3a603ab7-26ec-462a-b72b-c61e5d24040e,Howard County: First District and Gilford District,,2009-11-16,1878,,31151027745169,https://catalyst.library.jhu.edu/catalog/bib_2818192,none,7ac3b30d-67e0-4c36-86a5-5682e4e107ed,,Public digital access,Maps and Atlases,Copyright Not Evaluated,,corporate_body:Johns Hopkins University. Sheridan Libraries,Maps,Image,,Image,Test,,,14a098ad-b729-45b0-ba2d-d11010ed0949,,,,,,,https://stage.digital.library.jhu.edu/system/files/2022-03-28/G3843_H6_1878_c1_0.jp2,
372,https://digital.library.jhu.edu/node/15568,116b4ca1-5223-4901-8f39-19a4fbc6a9b4,Geologic map of Howard County and Adjacent Parts of Montgomery and Baltimore Counties,,2009-11-16,1940,,31151003698465,https://catalyst.library.jhu.edu/catalog/bib_2639808,21688002,37bfed51-c539-4f16-ac7b-6c8faa6bcf24,,Public digital access,Maps and Atlases,Copyright Not Evaluated,,corporate_body:Johns Hopkins University. Sheridan Libraries,Maps,Image,,Image,Test,,,c24fcdd1-a2a3-42fb-8c8d-51ab204e2cc8,,,,,,,https://stage.digital.library.jhu.edu/system/files/2022-03-28/G3843_H6_C5_1940_c1_0.jp2,
373,https://digital.library.jhu.edu/node/15569,86a763a3-8e80-4e8e-ad6c-a5208b30034d,"Soil Map, Kent County, Maryland",,2009-11-16,1930,,31151025605811,https://catalyst.library.jhu.edu/catalog/bib_2642193,none,ac7da930-5f72-45ed-b622-0cadeadd2b66,,Public digital access,Maps and Atlases,Copyright Not Evaluated,,corporate_body:Johns Hopkins University. Sheridan Libraries,Maps,Image,,Image,Test,,,401a98fe-8d57-462c-a738-60554455a320,,,,,,,https://stage.digital.library.jhu.edu/system/files/2022-03-28/G3843_K4_C1_1930_c1_0.jp2,
374,https://digital.library.jhu.edu/node/15570,0e9bae22-6176-4b52-b8aa-7459dcde4512,Map of Kent County showing the geological formations,,2009-11-16,1915,,31151025605829,https://catalyst.library.jhu.edu/catalog/bib_2642200,none,111c4da5-62c4-487c-964d-dfcb5ac48345,,Public digital access,Maps and Atlases,Copyright Not Evaluated,,corporate_body:Johns Hopkins University. Sheridan Libraries,Maps,Image,,Image,Test,,,120dace7-2a3d-48db-bd26-933287d009fc,,,,,,,https://stage.digital.library.jhu.edu/system/files/2022-03-28/G3843_K4_C5_1915_c1_0.jp2,
375,https://digital.library.jhu.edu/node/15571,26822912-91d6-47ed-8ebd-eb126557a1b8,"Soil Map, Talbot County, Maryland",,2009-11-16,1929,,31151025605951,https://catalyst.library.jhu.edu/catalog/bib_2642217,none,96c4b5e5-e31d-442d-8b6a-ca69f2eeac36,,Public digital access,Maps and Atlases,Copyright Not Evaluated,,corporate_body:Johns Hopkins University. Sheridan Libraries,Maps,Paged Content,,Image,Test,,,24126f42-7700-41c8-a882-7b40c3f0235b,,,,,,,,
376,https://digital.library.jhu.edu/node/15574,56f3dc64-8060-4ac2-9b05-2db1dde5846a,Baltimore 1990,,2009-11-17,1990,,31151027746928,https://catalyst.library.jhu.edu/catalog/bib_2256172,none,2bea2771-e699-4170-9fd6-80b4ca05608d,,Public digital access,Maps and Atlases,Copyright Not Evaluated,,corporate_body:Johns Hopkins University. Sheridan Libraries,Maps,Image,,Image,Test,,,de43dbf0-f5f9-4465-821d-2477914841a3,,,,,,,https://stage.digital.library.jhu.edu/system/files/2022-03-28/G3844_B2_1990_c1_0.jp2,
377,https://digital.library.jhu.edu/node/15575,95b98c1e-a469-413f-ba73-8f431158d118,Map of Baltimore City Showing Boundaries of Wards and Legislative Districts,,2009-11-17,1949,,31151027500994,https://catalyst.library.jhu.edu/catalog/bib_3457529,none,4c0eb069-affd-449f-a2e1-f096540d9910,,Public digital access,Maps and Atlases,Copyright Not Evaluated,,corporate_body:Johns Hopkins University. Sheridan Libraries,Maps,Image,,Image,Test,,,733d5167-2925-4f62-9775-cdf0531e6886,,,,,,,https://stage.digital.library.jhu.edu/system/files/2022-03-28/G3844_B2_F7_1949_c1_0.jp2,
378,https://digital.library.jhu.edu/node/15576,17320fea-8eef-4bd0-b88d-66ff5deac81f,"Map of Baltimore, Published with R.L. Polk & Co's Baltimore City Directory, for 1887",,2009-11-17,1887,,31151027417264,https://catalyst.library.jhu.edu/catalog/bib_2739020,230163772,72560218-d89e-4ce9-9673-8523fd838f06,,Public digital access,Maps and Atlases,Copyright Not Evaluated,,corporate_body:Johns Hopkins University. Sheridan Libraries,Maps,Paged Content,,Image,Test,,,98a38e81-a805-4dc5-bad6-56eaf32568ac,,,,,,,,
379,https://digital.library.jhu.edu/node/15579,3fdd4690-ab06-4770-9589-cb30d6e9e48b,Baltimore and Vicinity,,2009-11-17,1918,,31151027745706,https://catalyst.library.jhu.edu/catalog/bib_2821497,8523720,bfa29c06-475f-4bf9-9744-0c1867b57e59,,Public digital access,Maps and Atlases,Copyright Not Evaluated,,corporate_body:Johns Hopkins University. Sheridan Libraries,Maps,Image,,Image,Test,,,645ece1d-13d8-4114-a2ec-568326470611,,,,,,,https://stage.digital.library.jhu.edu/system/files/2022-03-28/G3844_B2_1918_M3_c1_0.jp2,
380,https://digital.library.jhu.edu/node/15580,f910ffb7-6723-4c94-b3fb-da310a850253,The Renaissance Continues: A 20 Year Strategy for Downtown Baltimore,,2009-11-17,1991,,31151027804925,https://catalyst.library.jhu.edu/catalog/bib_3500673,173619679,6d719726-076b-42d5-82db-6c9ba000267b,,Public digital access,Maps and Atlases,Copyright Not Evaluated,,corporate_body:Johns Hopkins University. Sheridan Libraries,Maps,Image,,Image,Test,,,b610bb90-d54a-448a-83b2-c2e85b600ef0,,,,,,,https://stage.digital.library.jhu.edu/system/files/2022-03-28/G3844_B2_G45_1991_c1_0.jp2,
381,https://digital.library.jhu.edu/node/15581,8ffdf971-d068-4f20-8425-fe6f72909eed,"Map of Baltimore City 1952 Showing Boundaries of Precincts, Wards and Legislative Districts",,2009-11-17,1952,,31151027738578,https://catalyst.library.jhu.edu/catalog/bib_2799456,none,c171398e-ce51-4a62-97a2-6bc4e32bccd6,,Public digital access,Maps and Atlases,Copyright Not Evaluated,,corporate_body:Johns Hopkins University. Sheridan Libraries,Maps,Image,,Image,Test,,,90163ddc-520e-4da5-900d-71311c7e51d4,,,,,,,https://stage.digital.library.jhu.edu/system/files/2022-03-28/G3844_B2_F7_1952_c1_0.jp2,
382,https://digital.library.jhu.edu/node/15582,86ebb5df-06bc-4ce7-93d9-4e74260b62a1,"Map of Baltimore City 1958: Showing Boundaries of Precincts, Wards and Councilmanic Districts",,2009-11-17,1958,,31151027738552,https://catalyst.library.jhu.edu/catalog/bib_2799444,none,70a34707-74d5-48b1-9fde-ebdb0cf1c2fa,,Public digital access,Maps and Atlases,Copyright Not Evaluated,,corporate_body:Johns Hopkins University. Sheridan Libraries,Maps,Image,,Image,Test,,,8f4bdcdb-cfca-4071-a3e3-cb9e1d14c957,,,,,,,https://stage.digital.library.jhu.edu/system/files/2022-03-28/G3844_B2_F7_1958_c1_0.jp2,
383,https://digital.library.jhu.edu/node/15583,6a0ef543-aa32-47a7-ae7a-dc4adc23f5c4,"Map of Baltimore City 1954 Showing Boundaries of Precincts, Wards and Legislative Districts",,2009-11-17,1954,,31151027738537,https://catalyst.library.jhu.edu/catalog/bib_2799423,none,ff879b9c-4835-44db-b555-12cfa60e33cb,,Public digital access,Maps and Atlases,Copyright Not Evaluated,,corporate_body:Johns Hopkins University. Sheridan Libraries,Maps,Image,,Image,Test,,,a3a2b9a1-d9bb-45f6-bfbf-4af2deafa48d,,,,,,,https://stage.digital.library.jhu.edu/system/files/2022-03-28/G3844_B2_F7_1954_c1_0.jp2,
384,https://digital.library.jhu.edu/node/15584,2ee6b3c2-d9b6-4725-91ad-2747fc2e96e1,"Map of Baltimore City 1951: Showing Boundaries of Precincts, Wards and Congressional Districts",,2009-11-17,1951,,31151027738560,https://catalyst.library.jhu.edu/catalog/bib_2799450,none,5fdff15c-b009-444d-bfe5-429eeeb50618,,Public digital access,Maps and Atlases,Copyright Not Evaluated,,corporate_body:Johns Hopkins University. Sheridan Libraries,Maps,Image,,Image,Test,,,0e8cdbee-4690-4b3f-83b5-d1ab0e4ad72c,,,,,,,https://stage.digital.library.jhu.edu/system/files/2022-03-28/G3844_B2_F7_1951_c1_0.jp2,
385,https://digital.library.jhu.edu/node/15585,a0774709-8da9-46e4-a3b0-836d0823c59d,"Map of Baltimore City, 1966: Showing Boundaries of Precincts, Wards, and Legislative Districts",,2009-11-17,1966,,31151027738644,https://catalyst.library.jhu.edu/catalog/bib_2801054,180009979,90604154-b581-42a1-91c8-b1f9580d2206,,Public digital access,Maps and Atlases,Copyright Not Evaluated,,corporate_body:Johns Hopkins University. Sheridan Libraries,Maps,Image,,Image,Test,,,d0dc10c7-d66a-4b0f-b45a-f80031232884,,,,,,,https://stage.digital.library.jhu.edu/system/files/2022-03-28/G3844_B2_F7_1966_c1_0.jp2,
386,https://digital.library.jhu.edu/node/15586,c463cd2a-70d9-4f2b-bbc9-390f8b6abb60,"Map of Baltimore City, Showing Boundaries of the Republican City Committee Districts",,2009-11-17,1967,,31151027738586,https://catalyst.library.jhu.edu/catalog/bib_2799485,none,3832d1cc-2b06-4505-9a66-be32108b8f02,,Public digital access,Maps and Atlases,Copyright Not Evaluated,,corporate_body:Johns Hopkins University. Sheridan Libraries,Maps,Image,,Image,Test,,,c1ae9604-fbfb-4b1b-a86a-4b307a9fdebe,,,,,,,https://stage.digital.library.jhu.edu/system/files/2022-03-28/G3844_B2_F7_1967_c1_0.jp2,
387,https://digital.library.jhu.edu/node/15587,a31ee9d8-631b-4e5e-b2bf-97fc4bccf69c,"Map of Baltimore City, 1971: Showing Boundaries of Precincts, Wards, and Councilmanic Districts",,2009-11-17,1971,,31151027738594,https://catalyst.library.jhu.edu/catalog/bib_2799489,none,dae64def-1feb-4760-b35c-42b799c0a921,,Public digital access,Maps and Atlases,Copyright Not Evaluated,,corporate_body:Johns Hopkins University. Sheridan Libraries,Maps,Image,,Image,Test,,,2edb4597-7d7f-4c1d-84f8-33d8d6da36b7,,,,,,,https://stage.digital.library.jhu.edu/system/files/2022-03-28/G3844_B2_F7_1971_c1_0.jp2,
388,https://digital.library.jhu.edu/node/15588,2533dd13-a84c-4e28-b078-f408c33e1406,"Map of Baltimore City, 1978: Congressional Districts",,2009-11-18,1978,,31151027738610,https://catalyst.library.jhu.edu/catalog/bib_2799520,none,4ccef50e-fd4f-41e2-9684-f799e4fd747f,,Public digital access,Maps and Atlases,Copyright Not Evaluated,,corporate_body:Johns Hopkins University. Sheridan Libraries,Maps,Image,,Image,Test,,,c040cc90-fc81-4cc2-a613-ec6f0505163e,,,,,,,https://stage.digital.library.jhu.edu/system/files/2022-03-28/G3844_B2_F7_1978_c1_congressDistricts_0.jp2,
389,https://digital.library.jhu.edu/node/15589,c68bf65c-c379-46cd-848f-9ebbf5dd3ce6,"Map of Baltimore City, 1972, Congressional Districts: Showing Boundaries of Precincts and Wards",,2009-11-18,1972,,31151027738651,https://catalyst.library.jhu.edu/catalog/bib_2801088,180009972,6e26ffa0-1010-4a2e-af5b-a59bea4d3184,,Public digital access,Maps and Atlases,Copyright Not Evaluated,,corporate_body:Johns Hopkins University. Sheridan Libraries,Maps,Image,,Image,Test,,,8dcb0a7b-98b4-4a4d-9279-4a75844e0c0d,,,,,,,https://stage.digital.library.jhu.edu/system/files/2022-03-28/G3844_B2_F7_1972_c1_0.jp2,
390,https://digital.library.jhu.edu/node/15590,556974a6-35a9-459e-a689-943d63678db3,"Congressional Districts, Map of Baltimore City, 1995 Showing Boundaries of Precincts, Wards and Congressional Districts of Baltimore City (408 Precincts)",,2009-11-18,1995,,31151027738628,https://catalyst.library.jhu.edu/catalog/bib_2800090,none,be4a0c47-b41f-4f09-92f5-73acfec44785,,Public digital access,Maps and Atlases,Copyright Not Evaluated,,corporate_body:Johns Hopkins University. Sheridan Libraries,Maps,Image,,Image,Test,,,9c8d0f98-6e3a-4c23-b828-0ff31f59b335,,,,,,,https://stage.digital.library.jhu.edu/system/files/2022-03-28/G3844_B2_F7_1995_c1_0.jp2,
391,https://digital.library.jhu.edu/node/15591,ed2964e5-b903-4910-8e16-1c38904ae853,"Legislative Districts, Map of Baltimore 1996 Showing Boundaries of Precincts, Wards and Legislative Districts for Baltimore City (372 Precincts)",,2009-11-18,1996,,31151027738636,https://catalyst.library.jhu.edu/catalog/bib_2801113,none,9b79e6b9-73b8-4576-913b-5250d0b16518,,Public digital access,Maps and Atlases,Copyright Not Evaluated,,corporate_body:Johns Hopkins University. Sheridan Libraries,Maps,Image,,Image,Test,,,ab0acfec-7ee1-41c5-aecf-1473260ec7bc,,,,,,,https://stage.digital.library.jhu.edu/system/files/2022-03-28/G3844_B2_F7_1996_no1_c1_0.jp2,
392,https://digital.library.jhu.edu/node/15592,205f10a2-3def-4cca-bb88-c958c64993d1,"Councilmanic Districts, Map of Baltimore City, 1996 Showing Boundaries of Precincts and Wards and Councilmanic Districts for Baltimore City (372 Precincts)",,2009-11-18,1996,,31151027738669,https://catalyst.library.jhu.edu/catalog/bib_2801122,none,4a7fa6b2-8a48-47eb-9e76-14e1f0cd3d70,,Public digital access,Maps and Atlases,Copyright Not Evaluated,,corporate_body:Johns Hopkins University. Sheridan Libraries,Maps,Image,,Image,Test,,,4e442186-6f53-4451-81d6-b4f8f9f7ba98,,,,,,,https://stage.digital.library.jhu.edu/system/files/2022-03-28/G3844_B2_F7_1996_no2_c1_0.jp2,
393,https://digital.library.jhu.edu/node/15593,510d5cb4-f6d9-49cd-903b-fa26a13aff64,"Map of Baltimore City Showing the 28 Wards Bounding Lines, Streets, etc.",,2009-11-18,1945,,31151027746746,https://catalyst.library.jhu.edu/catalog/bib_2821560,none,81fa2cb7-def3-47a5-b2b1-e03b71e3a883,,Public digital access,Maps and Atlases,Copyright Not Evaluated,,corporate_body:Johns Hopkins University. Sheridan Libraries,Maps,Image,,Image,Test,,,6230b56f-cdd7-483b-a049-0adc160edf46,,,,,,,https://stage.digital.library.jhu.edu/system/files/2022-03-28/G3844_B2_1945_c1_0.jp2,
